mesisl_aglo_verticalback_claro_canto4_baseA.001,hd_base_a.012,.+,mesisl_aglo_verticalback_claro_canto4_baseA.001
mesisl_aglo_verticalback_claro_canto4_baseA.001,vl_door_a.005,.+,mesisl_aglo_verticalback_claro_canto4_baseA.001
mesisl_aglo_verticalback_claro_canto4_baseA.001,vl_door_a.006,.+,mesisl_aglo_verticalback_claro_canto4_baseA.001
mesisl_aglo_verticalback_claro_canto4_baseA.004,vl_base_a.011,.+,mesisl_aglo_verticalback_claro_canto4_baseA.001
mesisl_aglo_verticalback_claro_canto4_baseA.005,vl_base_a.012,.+,mesisl_aglo_verticalback_claro_canto4_baseA.001
mesisl_aglo_verticalback_claro_canto4_baseA.006,vd_pane_b.004,.+,mesisl_aglo_verticalback_claro_canto4_baseA.001
mesisl_aglo_verticalback_claro_canto4_baseA.007,hl_entrepan_a.004,.+,mesisl_aglo_verticalback_claro_canto4_baseA.001
mesisl_aglo_verticalback_claro_canto4_baseA.008,hd_pane_a.001,.+,mesisl_aglo_verticalback_claro_canto4_baseA.001
mesisl_aglo_verticalback_claro_canto4_baseA.009,vd_box_d.006,.+,mesisl_aglo_verticalback_claro_canto4_baseA.001
mesisl_aglo_verticalback_claro_canto4_baseA.010,v_riel_a.007,.+,mesisl_aglo_verticalback_claro_canto4_baseA.001
mesisl_aglo_verticalback_claro_canto4_baseA.001,vl_doorc_a.001,.+,mesisl_aglo_verticalback_claro_canto4_baseA.001
mesisl_aglo_verticalback_claro_canto4_baseA.012,vd_box_d.007,.+,mesisl_aglo_verticalback_claro_canto4_baseA.001
mesisl_aglo_verticalback_claro_canto4_baseA.013,v_riel_a.008,.+,mesisl_aglo_verticalback_claro_canto4_baseA.001
mesisl_aglo_verticalback_claro_canto4_baseA.014,vd_box_d.008,.+,mesisl_aglo_verticalback_claro_canto4_baseA.001
mesisl_aglo_verticalback_claro_canto4_baseA.015,vl_door_a.007,.+,mesisl_aglo_verticalback_claro_canto4_baseA.001
mesisl_aglo_verticalback_claro_canto4_baseA.016,vd_box_d.005,.+,mesisl_aglo_verticalback_claro_canto4_baseA.001
mesisl_aglo_verticalback_claro_canto4_baseA.001,vl_doorc_a.008,.+,mesisl_aglo_verticalback_claro_canto4_baseA.001
mesisl_aglo_verticalback_claro_canto4_baseA.018,vd_pane_b.006,.+,mesisl_aglo_verticalback_claro_canto4_baseA.001
mesisl_aglo_verticalback_claro_canto4_baseA.019,canasta_a.002,.+,mesisl_aglo_verticalback_claro_canto4_baseA.001
mesisl_aglo_verticalback_claro_canto4_baseA.020,hd_pane_b.001,.+,mesisl_aglo_verticalback_claro_canto4_baseA.001
mesisl_aglo_verticalback_claro_canto4_baseA.021,hd_pane_b.002,.+,mesisl_aglo_verticalback_claro_canto4_baseA.001
mesisl_aglo_verticalback_claro_canto4_baseA.022,vl_door_a.009,.+,mesisl_aglo_verticalback_claro_canto4_baseA.001
mesisl_aglo_verticalback_claro_canto4_baseA.023,hd_box_bottom_a.004,.+,mesisl_aglo_verticalback_claro_canto4_baseA.001
mesisl_aglo_verticalback_claro_canto4_baseA.024,hd_pane_a.003,.+,mesisl_aglo_verticalback_claro_canto4_baseA.001
