mesinf_aglo_horizontal_oscuro_canto_3FC_baseA.001, canto_, canto
mesinf_aglo_horizontal_oscuro_canto_4_paneA.001, canto_, canto
mesinf_aglo_veerticalat_oscuro_canto_4_cajonB.001, canto_, canto
mesinf_aglo_veerticalat_oscuro_canto_4_cajonB.002, canto_, canto
mesinf_aglo_verticafront_claro_canto_4_baseA.001, canto_, canto
mesinf_aglo_verticafront_claro_canto_4_cajonA.001, canto_, canto
mesinf_aglo_verticafront_claro_canto_4_cajonB.001, canto_, canto
mesinf_aglo_verticafront_claro_canto_4_puertaA.001, canto_, canto
mesinf_aglo_verticafront_claro_canto_4_puertaA.002, canto_, canto
mesinf_aglo_verticafront_claro_canto_4_puertaB.001, canto_, canto
mesinf_aglo_verticafront_claro_canto_4_puertaC.001, canto_, canto
mesinf_aglo_verticafront_oscuro_canto_2H_cajonA.001, canto_, canto
mesinf_aglo_verticafront_oscuro_canto_2H_cajonA.002, canto_, canto
mesinf_aglo_verticafront_oscuro_canto_2H_cajonB.001, canto_, canto
mesinf_aglo_verticafront_oscuro_canto_2H_cajonB.002, canto_, canto
mesinf_aglo_verticafront_oscuro_canto_2H_cajonC.001, canto_, canto
mesinf_aglo_verticafront_oscuro_canto_2H_cajonC.002, canto_, canto
mesinf_aglo_verticalat_oscuro_canto_1F_paneA.001, canto_, canto
mesinf_aglo_verticalat_oscuro_canto_1F_paneA.002, canto_, canto
mesinf_aglo_verticalat_oscuro_canto_1F_paneA.003, canto_, canto
mesinf_aglo_verticalat_oscuro_canto_2H_cajonC.001, canto_, canto
mesinf_aglo_verticalat_oscuro_canto_2H_cajonC.002, canto_, canto
mesinf_aglo_verticalat_oscuro_canto_3FC_baseA.001, canto_, canto
mesinf_aglo_verticalat_oscuro_canto_3FC_baseA.002, canto_, canto
mesinf_aglo_verticalat_oscuro_canto_4_cajonA.001, canto_, canto
mesinf_aglo_verticalat_oscuro_canto_4_cajonA.002, canto_, canto
mesinf_aglo_verticalback_oscuro_canto_3_baseA.001, canto_, canto
mesinf_aglo_verticalback_oscuro_canto_3_baseA.002, canto_, canto
mesinf_mdf_horizontal_oscuro_canto_0_cajonA.001, canto_, canto
mesinf_mdf_horizontal_oscuro_canto_0_cajonA.002, canto_, canto
mesinf_mdf_horizontal_oscuro_canto_0_cajonB.001, canto_, canto
